FID,id,date,year,month,kt,t2m,prectot
fil_month.fid-3d1c3ce2_171b116dd75_-7fdb,1,1981-01-01,1981,1,0.57224637,6.71999979,183.16000366
fil_month.fid-3d1c3ce2_171b116dd75_-7fda,2,1981-02-01,1981,2,0.57224637,8.81000042,77.01000214
fil_month.fid-3d1c3ce2_171b116dd75_-7fd9,3,1981-03-01,1981,3,0.57224637,12.44999981,16.27000046
fil_month.fid-3d1c3ce2_171b116dd75_-7fd8,4,1981-04-01,1981,4,0.57224637,14.72000027,47.90999985
fil_month.fid-3d1c3ce2_171b116dd75_-7fd7,5,1981-05-01,1981,5,0.57224637,17.62999916,40.29999924
fil_month.fid-3d1c3ce2_171b116dd75_-7fd6,6,1981-06-01,1981,6,0.57224637,23.72999954,6.44000006
fil_month.fid-3d1c3ce2_171b116dd75_-7fd5,7,1981-07-01,1981,7,0.57224637,24.37999916,8.23999977
fil_month.fid-3d1c3ce2_171b116dd75_-7fd4,8,1981-08-01,1981,8,0.57224637,25.29999924,6.86000013
fil_month.fid-3d1c3ce2_171b116dd75_-7fd3,9,1981-09-01,1981,9,0.57224637,22.75,35.90000153
fil_month.fid-3d1c3ce2_171b116dd75_-7fd2,10,1981-10-01,1981,10,0.57224637,20.17000008,59.13999939
fil_month.fid-3d1c3ce2_171b116dd75_-7fd1,11,1981-11-01,1981,11,0.57224637,12.63000011,138.91999817
fil_month.fid-3d1c3ce2_171b116dd75_-7fd0,12,1981-12-01,1981,12,0.57224637,12.22999954,208.44000244
fil_month.fid-3d1c3ce2_171b116dd75_-7fcf,13,1982-01-01,1982,1,0.57224637,9.09000015,117.12000275
fil_month.fid-3d1c3ce2_171b116dd75_-7fce,14,1982-02-01,1982,2,0.57224637,7.13999987,78.56999969
fil_month.fid-3d1c3ce2_171b116dd75_-7fcd,15,1982-03-01,1982,3,0.57224637,9.82999992,121.59999847
fil_month.fid-3d1c3ce2_171b116dd75_-7fcc,16,1982-04-01,1982,4,0.57224637,13.75,48.81999969
fil_month.fid-3d1c3ce2_171b116dd75_-7fcb,17,1982-05-01,1982,5,0.57224637,18.36000061,26.30999947
fil_month.fid-3d1c3ce2_171b116dd75_-7fca,18,1982-06-01,1982,6,0.57224637,22.87999916,1.51999998
fil_month.fid-3d1c3ce2_171b116dd75_-7fc9,19,1982-07-01,1982,7,0.57224637,24.96999931,1.60000002
fil_month.fid-3d1c3ce2_171b116dd75_-7fc8,20,1982-08-01,1982,8,0.57224637,25.81999969,20.44000053
fil_month.fid-3d1c3ce2_171b116dd75_-7fc7,21,1982-09-01,1982,9,0.57224637,24.01000023,1.92999995
fil_month.fid-3d1c3ce2_171b116dd75_-7fc6,22,1982-10-01,1982,10,0.57224637,18.82999992,82.02999878
fil_month.fid-3d1c3ce2_171b116dd75_-7fc5,23,1982-11-01,1982,11,0.57224637,13.18000031,179.22999573
fil_month.fid-3d1c3ce2_171b116dd75_-7fc4,24,1982-12-01,1982,12,0.57224637,10.42000008,99.73000336
fil_month.fid-3d1c3ce2_171b116dd75_-7fc3,25,1983-01-01,1983,1,0.57224637,8.47000027,23.06999969
fil_month.fid-3d1c3ce2_171b116dd75_-7fc2,26,1983-02-01,1983,2,0.57224637,7.76999998,65.76000214
fil_month.fid-3d1c3ce2_171b116dd75_-7fc1,27,1983-03-01,1983,3,0.57224637,10.36999989,53.70999908
fil_month.fid-3d1c3ce2_171b116dd75_-7fc0,28,1983-04-01,1983,4,0.57224637,15.10999966,18.73999977
fil_month.fid-3d1c3ce2_171b116dd75_-7fbf,29,1983-05-01,1983,5,0.57224637,19.01000023,18.37999916
fil_month.fid-3d1c3ce2_171b116dd75_-7fbe,30,1983-06-01,1983,6,0.57224637,21.12999916,17.10000038
fil_month.fid-3d1c3ce2_171b116dd75_-7fbd,31,1983-07-01,1983,7,0.67000002,25.43000031,16.87000084
fil_month.fid-3d1c3ce2_171b116dd75_-7fbc,32,1983-08-01,1983,8,0.67000002,24.54999924,2.9000001
fil_month.fid-3d1c3ce2_171b116dd75_-7fbb,33,1983-09-01,1983,9,0.63999999,22.14999962,17.67000008
fil_month.fid-3d1c3ce2_171b116dd75_-7fba,34,1983-10-01,1983,10,0.52999997,17.52000046,61.06000137
fil_month.fid-3d1c3ce2_171b116dd75_-7fb9,35,1983-11-01,1983,11,0.38,13.43999958,152.41000366
fil_month.fid-3d1c3ce2_171b116dd75_-7fb8,36,1983-12-01,1983,12,0.44999999,10.81000042,178.1499939
fil_month.fid-3d1c3ce2_171b116dd75_-7fb7,37,1984-01-01,1984,1,0.46000001,10.10999966,100.79000092
fil_month.fid-3d1c3ce2_171b116dd75_-7fb6,38,1984-02-01,1984,2,0.44,9.30000019,126.23000336
fil_month.fid-3d1c3ce2_171b116dd75_-7fb5,39,1984-03-01,1984,3,0.50999999,10.34000015,57.97000122
fil_month.fid-3d1c3ce2_171b116dd75_-7fb4,40,1984-04-01,1984,4,0.51999998,12.73999977,79.54000092
fil_month.fid-3d1c3ce2_171b116dd75_-7fb3,41,1984-05-01,1984,5,0.58999997,18.60000038,5.65999985
fil_month.fid-3d1c3ce2_171b116dd75_-7fb2,42,1984-06-01,1984,6,0.70999998,21.18000031,0.64999998
fil_month.fid-3d1c3ce2_171b116dd75_-7fb1,43,1984-07-01,1984,7,0.70999998,24.32999992,2.92000008
fil_month.fid-3d1c3ce2_171b116dd75_-7fb0,44,1984-08-01,1984,8,0.64999998,23.95000076,22.04999924
fil_month.fid-3d1c3ce2_171b116dd75_-7faf,45,1984-09-01,1984,9,0.64999998,22.07999992,21.70000076
fil_month.fid-3d1c3ce2_171b116dd75_-7fae,46,1984-10-01,1984,10,0.61000001,19.85000038,10.85999966
fil_month.fid-3d1c3ce2_171b116dd75_-7fad,47,1984-11-01,1984,11,0.52999997,14.05000019,83.55000305
fil_month.fid-3d1c3ce2_171b116dd75_-7fac,48,1984-12-01,1984,12,0.47,10.19999981,100.76000214
fil_month.fid-3d1c3ce2_171b116dd75_-7fab,49,1985-01-01,1985,1,0.44,9.69999981,155.57000732
fil_month.fid-3d1c3ce2_171b116dd75_-7faa,50,1985-02-01,1985,2,0.47,9,56.11999893
fil_month.fid-3d1c3ce2_171b116dd75_-7fa9,51,1985-03-01,1985,3,0.49000001,10.93999958,104.90000153
fil_month.fid-3d1c3ce2_171b116dd75_-7fa8,52,1985-04-01,1985,4,0.58999997,14.80000019,52.54999924
fil_month.fid-3d1c3ce2_171b116dd75_-7fa7,53,1985-05-01,1985,5,0.61000001,19.40999985,7.71999979
fil_month.fid-3d1c3ce2_171b116dd75_-7fa6,54,1985-06-01,1985,6,0.70999998,22.38999939,1.28999996
fil_month.fid-3d1c3ce2_171b116dd75_-7fa5,55,1985-07-01,1985,7,0.70999998,25.45000076,2.63000011
fil_month.fid-3d1c3ce2_171b116dd75_-7fa4,56,1985-08-01,1985,8,0.69,25.46999931,0.40000001
fil_month.fid-3d1c3ce2_171b116dd75_-7fa3,57,1985-09-01,1985,9,0.67000002,22.90999985,2.66000009
fil_month.fid-3d1c3ce2_171b116dd75_-7fa2,58,1985-10-01,1985,10,0.56999999,17.12999916,71.73000336
fil_month.fid-3d1c3ce2_171b116dd75_-7fa1,59,1985-11-01,1985,11,0.44999999,15.06000042,130.53999329
fil_month.fid-3d1c3ce2_171b116dd75_-7fa0,60,1985-12-01,1985,12,0.49000001,11.25,42.77999878
fil_month.fid-3d1c3ce2_171b116dd75_-7f9f,61,1986-01-01,1986,1,0.43000001,9.96000004,162.82000732
fil_month.fid-3d1c3ce2_171b116dd75_-7f9e,62,1986-02-01,1986,2,0.41,9.76000023,141.25
fil_month.fid-3d1c3ce2_171b116dd75_-7f9d,63,1986-03-01,1986,3,0.49000001,11.25,36.90999985
fil_month.fid-3d1c3ce2_171b116dd75_-7f9c,64,1986-04-01,1986,4,0.63999999,15.34000015,21.64999962
fil_month.fid-3d1c3ce2_171b116dd75_-7f9b,65,1986-05-01,1986,5,0.63999999,18.55999947,24.70999908
fil_month.fid-3d1c3ce2_171b116dd75_-7f9a,66,1986-06-01,1986,6,0.66000003,22.67000008,31.97999954
fil_month.fid-3d1c3ce2_171b116dd75_-7f99,67,1986-07-01,1986,7,0.69,24.70999908,4.38000011
fil_month.fid-3d1c3ce2_171b116dd75_-7f98,68,1986-08-01,1986,8,0.69,26.21999931,6.30000019
fil_month.fid-3d1c3ce2_171b116dd75_-7f97,69,1986-09-01,1986,9,0.63,23.11000061,9.60000038
fil_month.fid-3d1c3ce2_171b116dd75_-7f96,70,1986-10-01,1986,10,0.55000001,18.28000069,185.19000244
fil_month.fid-3d1c3ce2_171b116dd75_-7f95,71,1986-11-01,1986,11,0.57999998,12.63000011,68.83000183
fil_month.fid-3d1c3ce2_171b116dd75_-7f94,72,1986-12-01,1986,12,0.44999999,9.10999966,114.91999817
fil_month.fid-3d1c3ce2_171b116dd75_-7f93,73,1987-01-01,1987,1,0.43000001,9.92000008,115.66000366
fil_month.fid-3d1c3ce2_171b116dd75_-7f92,74,1987-02-01,1987,2,0.44999999,9.88000011,73.06999969
fil_month.fid-3d1c3ce2_171b116dd75_-7f91,75,1987-03-01,1987,3,0.5,7.5999999,120.41999817
fil_month.fid-3d1c3ce2_171b116dd75_-7f90,76,1987-04-01,1987,4,0.62,12.86999989,47.81000137
fil_month.fid-3d1c3ce2_171b116dd75_-7f8f,77,1987-05-01,1987,5,0.60000002,16.52000046,82.59999847
fil_month.fid-3d1c3ce2_171b116dd75_-7f8e,78,1987-06-01,1987,6,0.69,21.80999947,8.11999989
fil_month.fid-3d1c3ce2_171b116dd75_-7f8d,79,1987-07-01,1987,7,0.68000001,26.45000076,6.0999999
fil_month.fid-3d1c3ce2_171b116dd75_-7f8c,80,1987-08-01,1987,8,0.68000001,25.77000046,8.36999989
fil_month.fid-3d1c3ce2_171b116dd75_-7f8b,81,1987-09-01,1987,9,0.66000003,25.06999969,7.19999981
fil_month.fid-3d1c3ce2_171b116dd75_-7f8a,82,1987-10-01,1987,10,0.49000001,18.29000092,84.70999908
fil_month.fid-3d1c3ce2_171b116dd75_-7f89,83,1987-11-01,1987,11,0.49000001,14.28999996,148.08999634
fil_month.fid-3d1c3ce2_171b116dd75_-7f88,84,1987-12-01,1987,12,0.49000001,10.92000008,55.33000183
fil_month.fid-3d1c3ce2_171b116dd75_-7f87,85,1988-01-01,1988,1,0.44,10.71000004,148.30000305
fil_month.fid-3d1c3ce2_171b116dd75_-7f86,86,1988-02-01,1988,2,0.52999997,9.11999989,96.41000366
fil_month.fid-3d1c3ce2_171b116dd75_-7f85,87,1988-03-01,1988,3,0.56,10.44999981,108.54000092
fil_month.fid-3d1c3ce2_171b116dd75_-7f84,88,1988-04-01,1988,4,0.57999998,14.30000019,28.04000092
fil_month.fid-3d1c3ce2_171b116dd75_-7f83,89,1988-05-01,1988,5,0.63999999,19.04000092,13.10999966
fil_month.fid-3d1c3ce2_171b116dd75_-7f82,90,1988-06-01,1988,6,0.63999999,22.86000061,1.20000005
fil_month.fid-3d1c3ce2_171b116dd75_-7f81,91,1988-07-01,1988,7,0.69999999,27.67000008,3.54999995
fil_month.fid-3d1c3ce2_171b116dd75_-7f80,92,1988-08-01,1988,8,0.70999998,26.80999947,3.88000011
fil_month.fid-3d1c3ce2_171b116dd75_-7f7f,93,1988-09-01,1988,9,0.66000003,22.76000023,12.39000034
fil_month.fid-3d1c3ce2_171b116dd75_-7f7e,94,1988-10-01,1988,10,0.60000002,17.77000046,53.68999863
fil_month.fid-3d1c3ce2_171b116dd75_-7f7d,95,1988-11-01,1988,11,0.43000001,12.01000023,202.3999939
fil_month.fid-3d1c3ce2_171b116dd75_-7f7c,96,1988-12-01,1988,12,0.5,9.96000004,122.86000061
fil_month.fid-3d1c3ce2_171b116dd75_-7f7b,97,1989-01-01,1989,1,0.62,7.55999994,13.56000042
fil_month.fid-3d1c3ce2_171b116dd75_-7f7a,98,1989-02-01,1989,2,0.55000001,9.17000008,13.80000019
fil_month.fid-3d1c3ce2_171b116dd75_-7f79,99,1989-03-01,1989,3,0.58999997,12.39999962,24.20000076
fil_month.fid-3d1c3ce2_171b116dd75_-7f78,100,1989-04-01,1989,4,0.58999997,15.88000011,40.38000107
fil_month.fid-3d1c3ce2_171b116dd75_-7f77,101,1989-05-01,1989,5,0.56999999,17.39999962,23.81999969
fil_month.fid-3d1c3ce2_171b116dd75_-7f76,102,1989-06-01,1989,6,0.68000001,20.78000069,4.42000008
fil_month.fid-3d1c3ce2_171b116dd75_-7f75,103,1989-07-01,1989,7,0.66000003,25.21999931,8.75
fil_month.fid-3d1c3ce2_171b116dd75_-7f74,104,1989-08-01,1989,8,0.68000001,25.17000008,0.63
fil_month.fid-3d1c3ce2_171b116dd75_-7f73,105,1989-09-01,1989,9,0.62,22.35000038,51.88000107
fil_month.fid-3d1c3ce2_171b116dd75_-7f72,106,1989-10-01,1989,10,0.55000001,16.56999969,75.48000336
fil_month.fid-3d1c3ce2_171b116dd75_-7f71,107,1989-11-01,1989,11,0.5,13.31000042,51.33000183
fil_month.fid-3d1c3ce2_171b116dd75_-7f70,108,1989-12-01,1989,12,0.49000001,10.68999958,56.31000137
fil_month.fid-3d1c3ce2_171b116dd75_-7f6f,109,1990-01-01,1990,1,0.57999998,8.01000023,18.15999985
fil_month.fid-3d1c3ce2_171b116dd75_-7f6e,110,1990-02-01,1990,2,0.57999998,10.21000004,49.31000137
fil_month.fid-3d1c3ce2_171b116dd75_-7f6d,111,1990-03-01,1990,3,0.64999998,12.47999954,1.39999998
fil_month.fid-3d1c3ce2_171b116dd75_-7f6c,112,1990-04-01,1990,4,0.56,14.73999977,41.70999908
fil_month.fid-3d1c3ce2_171b116dd75_-7f6b,113,1990-05-01,1990,5,0.58999997,18.88999939,16.5
fil_month.fid-3d1c3ce2_171b116dd75_-7f6a,114,1990-06-01,1990,6,0.70999998,22.44000053,2.1099999
fil_month.fid-3d1c3ce2_171b116dd75_-7f69,115,1990-07-01,1990,7,0.70999998,26.14999962,0.98000002
fil_month.fid-3d1c3ce2_171b116dd75_-7f68,116,1990-08-01,1990,8,0.69,25.26000023,18.59000015
fil_month.fid-3d1c3ce2_171b116dd75_-7f67,117,1990-09-01,1990,9,0.64999998,22.05999947,18.57999992
fil_month.fid-3d1c3ce2_171b116dd75_-7f66,118,1990-10-01,1990,10,0.56,19.47999954,75.69999695
fil_month.fid-3d1c3ce2_171b116dd75_-7f65,119,1990-11-01,1990,11,0.49000001,15.5,129.24000549
fil_month.fid-3d1c3ce2_171b116dd75_-7f64,120,1990-12-01,1990,12,0.37,10.98999977,321.76998901
fil_month.fid-3d1c3ce2_171b116dd75_-7f63,121,1991-01-01,1991,1,0.50999999,8.27999973,73.56999969
fil_month.fid-3d1c3ce2_171b116dd75_-7f62,122,1991-02-01,1991,2,0.47999999,9.11999989,41.56999969
fil_month.fid-3d1c3ce2_171b116dd75_-7f61,123,1991-03-01,1991,3,0.52999997,12.31000042,48.50999832
fil_month.fid-3d1c3ce2_171b116dd75_-7f60,124,1991-04-01,1991,4,0.55000001,13.31999969,67.22000122
fil_month.fid-3d1c3ce2_171b116dd75_-7f5f,125,1991-05-01,1991,5,0.54000002,15.56999969,53.54000092
fil_month.fid-3d1c3ce2_171b116dd75_-7f5e,126,1991-06-01,1991,6,0.69,22.11000061,0.2
fil_month.fid-3d1c3ce2_171b116dd75_-7f5d,127,1991-07-01,1991,7,0.68000001,24,10.64999962
fil_month.fid-3d1c3ce2_171b116dd75_-7f5c,128,1991-08-01,1991,8,0.68000001,24.67000008,22.20999908
fil_month.fid-3d1c3ce2_171b116dd75_-7f5b,129,1991-09-01,1991,9,0.64999998,22.32999992,6.57999992
fil_month.fid-3d1c3ce2_171b116dd75_-7f5a,130,1991-10-01,1991,10,0.50999999,19.05999947,70.63999939
fil_month.fid-3d1c3ce2_171b116dd75_-7f59,131,1991-11-01,1991,11,0.51999998,13.78999996,94.81999969
fil_month.fid-3d1c3ce2_171b116dd75_-7f58,132,1991-12-01,1991,12,0.52999997,6.86000013,86.70999908
fil_month.fid-3d1c3ce2_171b116dd75_-7f57,133,1992-01-01,1992,1,0.54000002,8.23999977,18.80999947
fil_month.fid-3d1c3ce2_171b116dd75_-7f56,134,1992-02-01,1992,2,0.51999998,7.48999977,24.79999924
fil_month.fid-3d1c3ce2_171b116dd75_-7f55,135,1992-03-01,1992,3,0.5,10.30000019,55.47000122
fil_month.fid-3d1c3ce2_171b116dd75_-7f54,136,1992-04-01,1992,4,0.60000002,14.01000023,62.43000031
fil_month.fid-3d1c3ce2_171b116dd75_-7f53,137,1992-05-01,1992,5,0.56,17.53000069,33.31000137
fil_month.fid-3d1c3ce2_171b116dd75_-7f52,138,1992-06-01,1992,6,0.63,21.43000031,53.91999817
fil_month.fid-3d1c3ce2_171b116dd75_-7f51,139,1992-07-01,1992,7,0.69,24.25,6.19999981
fil_month.fid-3d1c3ce2_171b116dd75_-7f50,140,1992-08-01,1992,8,0.69,26.44000053,13.10999966
fil_month.fid-3d1c3ce2_171b116dd75_-7f4f,141,1992-09-01,1992,9,0.67000002,22.10000038,4
fil_month.fid-3d1c3ce2_171b116dd75_-7f4e,142,1992-10-01,1992,10,0.52999997,20,26.54000092
fil_month.fid-3d1c3ce2_171b116dd75_-7f4d,143,1992-11-01,1992,11,0.56999999,15.18999958,70.01999664
fil_month.fid-3d1c3ce2_171b116dd75_-7f4c,144,1992-12-01,1992,12,0.44,9.02000046,94.36000061
fil_month.fid-3d1c3ce2_171b116dd75_-7f4b,145,1993-01-01,1993,1,0.56,8.63000011,25.73999977
fil_month.fid-3d1c3ce2_171b116dd75_-7f4a,146,1993-02-01,1993,2,0.50999999,6.86000013,97.01999664
fil_month.fid-3d1c3ce2_171b116dd75_-7f49,147,1993-03-01,1993,3,0.56999999,10.19999981,56
fil_month.fid-3d1c3ce2_171b116dd75_-7f48,148,1993-04-01,1993,4,0.64999998,14.14999962,33.02000046
fil_month.fid-3d1c3ce2_171b116dd75_-7f47,149,1993-05-01,1993,5,0.62,18.45000076,29.70000076
fil_month.fid-3d1c3ce2_171b116dd75_-7f46,150,1993-06-01,1993,6,0.70999998,23.02000046,10.59000015
fil_month.fid-3d1c3ce2_171b116dd75_-7f45,151,1993-07-01,1993,7,0.72000003,25.09000015,0.19
fil_month.fid-3d1c3ce2_171b116dd75_-7f44,152,1993-08-01,1993,8,0.68000001,26.77000046,0.30000001
fil_month.fid-3d1c3ce2_171b116dd75_-7f43,153,1993-09-01,1993,9,0.69999999,22.36000061,9.18000031
fil_month.fid-3d1c3ce2_171b116dd75_-7f42,154,1993-10-01,1993,10,0.62,20.12999916,7.61000013
fil_month.fid-3d1c3ce2_171b116dd75_-7f41,155,1993-11-01,1993,11,0.38999999,13.40999985,181.66000366
fil_month.fid-3d1c3ce2_171b116dd75_-7f40,156,1993-12-01,1993,12,0.50999999,12.21000004,73.63999939
fil_month.fid-3d1c3ce2_171b116dd75_-7f3f,157,1994-01-01,1994,1,0.5,10.31000042,100.63999939
fil_month.fid-3d1c3ce2_171b116dd75_-7f3e,158,1994-02-01,1994,2,0.47999999,9.85999966,113.33999634
fil_month.fid-3d1c3ce2_171b116dd75_-7f3d,159,1994-03-01,1994,3,0.61000001,11.89999962,17.63999939
fil_month.fid-3d1c3ce2_171b116dd75_-7f3c,160,1994-04-01,1994,4,0.56999999,14.88000011,40.72999954
fil_month.fid-3d1c3ce2_171b116dd75_-7f3b,161,1994-05-01,1994,5,0.64999998,19.13999939,27.44000053
fil_month.fid-3d1c3ce2_171b116dd75_-7f3a,162,1994-06-01,1994,6,0.72000003,22.12999916,0.20999999
fil_month.fid-3d1c3ce2_171b116dd75_-7f39,163,1994-07-01,1994,7,0.70999998,26.10000038,1.55999994
fil_month.fid-3d1c3ce2_171b116dd75_-7f38,164,1994-08-01,1994,8,0.69999999,27.72999954,1.12
fil_month.fid-3d1c3ce2_171b116dd75_-7f37,165,1994-09-01,1994,9,0.69,24.88999939,0.5
fil_month.fid-3d1c3ce2_171b116dd75_-7f36,166,1994-10-01,1994,10,0.54000002,20,108.94999695
fil_month.fid-3d1c3ce2_171b116dd75_-7f35,167,1994-11-01,1994,11,0.51999998,13.65999985,89.34999847
fil_month.fid-3d1c3ce2_171b116dd75_-7f34,168,1994-12-01,1994,12,0.51999998,10.30000019,94.05999756
fil_month.fid-3d1c3ce2_171b116dd75_-7f33,169,1995-01-01,1995,1,0.46000001,9.72000027,144.13999939
fil_month.fid-3d1c3ce2_171b116dd75_-7f32,170,1995-02-01,1995,2,0.57999998,11.14000034,19.79000092
fil_month.fid-3d1c3ce2_171b116dd75_-7f31,171,1995-03-01,1995,3,0.55000001,10.63000011,89.94000244
fil_month.fid-3d1c3ce2_171b116dd75_-7f30,172,1995-04-01,1995,4,0.63,13.10999966,21.95999908
fil_month.fid-3d1c3ce2_171b116dd75_-7f2f,173,1995-05-01,1995,5,0.62,17.64999962,15.27000046
fil_month.fid-3d1c3ce2_171b116dd75_-7f2e,174,1995-06-01,1995,6,0.69,22.69000053,1.77999997
fil_month.fid-3d1c3ce2_171b116dd75_-7f2d,175,1995-07-01,1995,7,0.69999999,25.77000046,16.69000053
fil_month.fid-3d1c3ce2_171b116dd75_-7f2c,176,1995-08-01,1995,8,0.66000003,25.04999924,29.19000053
fil_month.fid-3d1c3ce2_171b116dd75_-7f2b,177,1995-09-01,1995,9,0.57999998,22.19000053,48.11000061
fil_month.fid-3d1c3ce2_171b116dd75_-7f2a,178,1995-10-01,1995,10,0.63999999,17.27000046,11.5
fil_month.fid-3d1c3ce2_171b116dd75_-7f29,179,1995-11-01,1995,11,0.44,11.97999954,123.13999939
fil_month.fid-3d1c3ce2_171b116dd75_-7f28,180,1995-12-01,1995,12,0.40000001,11.52000046,118.47000122
fil_month.fid-3d1c3ce2_171b116dd75_-7f27,181,1996-01-01,1996,1,0.43000001,8.65999985,142.57000732
fil_month.fid-3d1c3ce2_171b116dd75_-7f26,182,1996-02-01,1996,2,0.43000001,9.14000034,116.66000366
fil_month.fid-3d1c3ce2_171b116dd75_-7f25,183,1996-03-01,1996,3,0.5,9.38000011,107.91999817
fil_month.fid-3d1c3ce2_171b116dd75_-7f24,184,1996-04-01,1996,4,0.60000002,13.03999996,28.37999916
fil_month.fid-3d1c3ce2_171b116dd75_-7f23,185,1996-05-01,1996,5,0.57999998,18.80999947,8.68999958
fil_month.fid-3d1c3ce2_171b116dd75_-7f22,186,1996-06-01,1996,6,0.69999999,22.88999939,19
fil_month.fid-3d1c3ce2_171b116dd75_-7f21,187,1996-07-01,1996,7,0.72000003,24.79000092,3.6400001
fil_month.fid-3d1c3ce2_171b116dd75_-7f20,188,1996-08-01,1996,8,0.68000001,25.55999947,15.17000008
fil_month.fid-3d1c3ce2_171b116dd75_-7f1f,189,1996-09-01,1996,9,0.57999998,20.97999954,84.98000336
fil_month.fid-3d1c3ce2_171b116dd75_-7f1e,190,1996-10-01,1996,10,0.5,16.67000008,92.81999969
fil_month.fid-3d1c3ce2_171b116dd75_-7f1d,191,1996-11-01,1996,11,0.52999997,14.27000046,79.51999664
fil_month.fid-3d1c3ce2_171b116dd75_-7f1c,192,1996-12-01,1996,12,0.41999999,11.65999985,127.18000031
fil_month.fid-3d1c3ce2_171b116dd75_-7f1b,193,1997-01-01,1997,1,0.54000002,10.27999973,63.5
fil_month.fid-3d1c3ce2_171b116dd75_-7f1a,194,1997-02-01,1997,2,0.57999998,9.61999989,51.79999924
fil_month.fid-3d1c3ce2_171b116dd75_-7f19,195,1997-03-01,1997,3,0.58999997,10.35000038,58.45000076
fil_month.fid-3d1c3ce2_171b116dd75_-7f18,196,1997-04-01,1997,4,0.61000001,11.18000031,61.02000046
fil_month.fid-3d1c3ce2_171b116dd75_-7f17,197,1997-05-01,1997,5,0.68000001,18.67000008,5.78999996
fil_month.fid-3d1c3ce2_171b116dd75_-7f16,198,1997-06-01,1997,6,0.67000002,23.35000038,8.81000042
fil_month.fid-3d1c3ce2_171b116dd75_-7f15,199,1997-07-01,1997,7,0.69999999,25.06999969,0.98000002
fil_month.fid-3d1c3ce2_171b116dd75_-7f14,200,1997-08-01,1997,8,0.68000001,23.89999962,45.90000153
fil_month.fid-3d1c3ce2_171b116dd75_-7f13,201,1997-09-01,1997,9,0.61000001,21.70999908,18.37999916
fil_month.fid-3d1c3ce2_171b116dd75_-7f12,202,1997-10-01,1997,10,0.52999997,17.77000046,47.77999878
fil_month.fid-3d1c3ce2_171b116dd75_-7f11,203,1997-11-01,1997,11,0.44,14.61999989,110.65000153
fil_month.fid-3d1c3ce2_171b116dd75_-7f10,204,1997-12-01,1997,12,0.40000001,11.14000034,149.38999939
fil_month.fid-3d1c3ce2_171b116dd75_-7f0f,205,1998-01-01,1998,1,0.47999999,10.14999962,61.52000046
fil_month.fid-3d1c3ce2_171b116dd75_-7f0e,206,1998-02-01,1998,2,0.56,10.77000046,44.86999893
fil_month.fid-3d1c3ce2_171b116dd75_-7f0d,207,1998-03-01,1998,3,0.52999997,9.38000011,58.18000031
fil_month.fid-3d1c3ce2_171b116dd75_-7f0c,208,1998-04-01,1998,4,0.63,14.78999996,18.96999931
fil_month.fid-3d1c3ce2_171b116dd75_-7f0b,209,1998-05-01,1998,5,0.60000002,17.81999969,40.33000183
fil_month.fid-3d1c3ce2_171b116dd75_-7f0a,210,1998-06-01,1998,6,0.69,23.10000038,0.30000001
fil_month.fid-3d1c3ce2_171b116dd75_-7f09,211,1998-07-01,1998,7,0.72000003,26.40999985,0.02
fil_month.fid-3d1c3ce2_171b116dd75_-7f08,212,1998-08-01,1998,8,0.68000001,27.57999992,3.25
fil_month.fid-3d1c3ce2_171b116dd75_-7f07,213,1998-09-01,1998,9,0.60000002,22.62000084,35
fil_month.fid-3d1c3ce2_171b116dd75_-7f06,214,1998-10-01,1998,10,0.56999999,19.34000015,31.29999924
fil_month.fid-3d1c3ce2_171b116dd75_-7f05,215,1998-11-01,1998,11,0.44999999,15.02000046,176.28999329
fil_month.fid-3d1c3ce2_171b116dd75_-7f04,216,1998-12-01,1998,12,0.43000001,9.72999954,176.21000671
fil_month.fid-3d1c3ce2_171b116dd75_-7f03,217,1999-01-01,1999,1,0.52999997,9.64000034,73
fil_month.fid-3d1c3ce2_171b116dd75_-7f02,218,1999-02-01,1999,2,0.50999999,9.01000023,100.13999939
fil_month.fid-3d1c3ce2_171b116dd75_-7f01,219,1999-03-01,1999,3,0.54000002,11.68999958,108.15000153
fil_month.fid-3d1c3ce2_171b116dd75_-7f00,220,1999-04-01,1999,4,0.63999999,14.34000015,47.25
fil_month.fid-3d1c3ce2_171b116dd75_-7eff,221,1999-05-01,1999,5,0.61000001,19.72999954,7.80000019
fil_month.fid-3d1c3ce2_171b116dd75_-7efe,222,1999-06-01,1999,6,0.68000001,23.55999947,8.26000023
fil_month.fid-3d1c3ce2_171b116dd75_-7efd,223,1999-07-01,1999,7,0.70999998,25.53000069,3.73000002
fil_month.fid-3d1c3ce2_171b116dd75_-7efc,224,1999-08-01,1999,8,0.67000002,27,12.18999958
fil_month.fid-3d1c3ce2_171b116dd75_-7efb,225,1999-09-01,1999,9,0.60000002,23.05999947,95.58999634
fil_month.fid-3d1c3ce2_171b116dd75_-7efa,226,1999-10-01,1999,10,0.61000001,19.96999931,26.63999939
fil_month.fid-3d1c3ce2_171b116dd75_-7ef9,227,1999-11-01,1999,11,0.37,15.06000042,159.66999817
fil_month.fid-3d1c3ce2_171b116dd75_-7ef8,228,1999-12-01,1999,12,0.38999999,12.10999966,94.48999786
fil_month.fid-3d1c3ce2_171b116dd75_-7ef7,229,2000-01-01,2000,1,0.5,7.03999996,31.54999924
fil_month.fid-3d1c3ce2_171b116dd75_-7ef6,230,2000-02-01,2000,2,0.49000001,9.39999962,88.26999664
fil_month.fid-3d1c3ce2_171b116dd75_-7ef5,231,2000-03-01,2000,3,0.58999997,10.90999985,17.80999947
fil_month.fid-3d1c3ce2_171b116dd75_-7ef4,232,2000-04-01,2000,4,0.60000002,15.46000004,30.85000038
fil_month.fid-3d1c3ce2_171b116dd75_-7ef3,233,2000-05-01,2000,5,0.58999997,19.56999969,21.85000038
fil_month.fid-3d1c3ce2_171b116dd75_-7ef2,234,2000-06-01,2000,6,0.72000003,24.07999992,1.72000003
fil_month.fid-3d1c3ce2_171b116dd75_-7ef1,235,2000-07-01,2000,7,0.73000002,26.63999939,1.04999995
fil_month.fid-3d1c3ce2_171b116dd75_-7ef0,236,2000-08-01,2000,8,0.72000003,26.69000053,0.25999999
fil_month.fid-3d1c3ce2_171b116dd75_-7eef,237,2000-09-01,2000,9,0.60000002,22.56999969,15.88000011
fil_month.fid-3d1c3ce2_171b116dd75_-7eee,238,2000-10-01,2000,10,0.51999998,18.46999931,71.95999908
fil_month.fid-3d1c3ce2_171b116dd75_-7eed,239,2000-11-01,2000,11,0.54000002,16.17000008,79.66999817
fil_month.fid-3d1c3ce2_171b116dd75_-7eec,240,2000-12-01,2000,12,0.49000001,11.97999954,92.16999817
fil_month.fid-3d1c3ce2_171b116dd75_-7eeb,241,2001-01-01,2001,1,0.44999999,10.90999985,66.76000214
fil_month.fid-3d1c3ce2_171b116dd75_-7eea,242,2001-02-01,2001,2,0.54000002,10.18999958,74.33999634
fil_month.fid-3d1c3ce2_171b116dd75_-7ee9,243,2001-03-01,2001,3,0.57999998,13.78999996,34.25
fil_month.fid-3d1c3ce2_171b116dd75_-7ee8,244,2001-04-01,2001,4,0.57999998,14.10000038,79.20999908
fil_month.fid-3d1c3ce2_171b116dd75_-7ee7,245,2001-05-01,2001,5,0.63,19.23999977,18.39999962
fil_month.fid-3d1c3ce2_171b116dd75_-7ee6,246,2001-06-01,2001,6,0.72000003,22.34000015,6.42999983
fil_month.fid-3d1c3ce2_171b116dd75_-7ee5,247,2001-07-01,2001,7,0.70999998,26.37000084,4.32000017
fil_month.fid-3d1c3ce2_171b116dd75_-7ee4,248,2001-08-01,2001,8,0.68000001,27.34000015,8.47999954
fil_month.fid-3d1c3ce2_171b116dd75_-7ee3,249,2001-09-01,2001,9,0.66000003,22.93000031,23.35000038
fil_month.fid-3d1c3ce2_171b116dd75_-7ee2,250,2001-10-01,2001,10,0.69,19.95999908,16.04999924
fil_month.fid-3d1c3ce2_171b116dd75_-7ee1,251,2001-11-01,2001,11,0.43000001,14.14000034,147.86999512
fil_month.fid-3d1c3ce2_171b116dd75_-7ee0,252,2001-12-01,2001,12,0.41,8.48999977,151.19999695
fil_month.fid-3d1c3ce2_171b116dd75_-7edf,253,2002-01-01,2002,1,0.52999997,8.18000031,66.66000366
fil_month.fid-3d1c3ce2_171b116dd75_-7ede,254,2002-02-01,2002,2,0.56,11.43999958,13.59000015
fil_month.fid-3d1c3ce2_171b116dd75_-7edd,255,2002-03-01,2002,3,0.56999999,12.52999973,67.66999817
fil_month.fid-3d1c3ce2_171b116dd75_-7edc,256,2002-04-01,2002,4,0.62,14.42000008,32.06000137
fil_month.fid-3d1c3ce2_171b116dd75_-7edb,257,2002-05-01,2002,5,0.64999998,18.88999939,10.11999989
fil_month.fid-3d1c3ce2_171b116dd75_-7eda,258,2002-06-01,2002,6,0.68000001,23.79000092,1.26999998
fil_month.fid-3d1c3ce2_171b116dd75_-7ed9,259,2002-07-01,2002,7,0.67000002,26.47999954,48.90000153
fil_month.fid-3d1c3ce2_171b116dd75_-7ed8,260,2002-08-01,2002,8,0.66000003,24.98999977,41.20999908
fil_month.fid-3d1c3ce2_171b116dd75_-7ed7,261,2002-09-01,2002,9,0.57999998,21.42000008,65.12000275
fil_month.fid-3d1c3ce2_171b116dd75_-7ed6,262,2002-10-01,2002,10,0.57999998,18.34000015,66.72000122
fil_month.fid-3d1c3ce2_171b116dd75_-7ed5,263,2002-11-01,2002,11,0.47,15.22000027,119.72000122
fil_month.fid-3d1c3ce2_171b116dd75_-7ed4,264,2002-12-01,2002,12,0.31999999,10.85999966,201.91000366
fil_month.fid-3d1c3ce2_171b116dd75_-7ed3,265,2003-01-01,2003,1,0.40000001,11.11999989,169.94000244
fil_month.fid-3d1c3ce2_171b116dd75_-7ed2,266,2003-02-01,2003,2,0.41,6.32999992,135.11000061
fil_month.fid-3d1c3ce2_171b116dd75_-7ed1,267,2003-03-01,2003,3,0.56,9.76000023,84.83999634
fil_month.fid-3d1c3ce2_171b116dd75_-7ed0,268,2003-04-01,2003,4,0.55000001,13.10000038,42.06999969
fil_month.fid-3d1c3ce2_171b116dd75_-7ecf,269,2003-05-01,2003,5,0.66000003,20.25,30.93000031
fil_month.fid-3d1c3ce2_171b116dd75_-7ece,270,2003-06-01,2003,6,0.69,24.95000076,18.42000008
fil_month.fid-3d1c3ce2_171b116dd75_-7ecd,271,2003-07-01,2003,7,0.72000003,26.55999947,0.50999999
fil_month.fid-3d1c3ce2_171b116dd75_-7ecc,272,2003-08-01,2003,8,0.67000002,27.79000092,12.11999989
fil_month.fid-3d1c3ce2_171b116dd75_-7ecb,273,2003-09-01,2003,9,0.62,22.40999985,54.15999985
fil_month.fid-3d1c3ce2_171b116dd75_-7eca,274,2003-10-01,2003,10,0.49000001,19.51000023,85.13999939
fil_month.fid-3d1c3ce2_171b116dd75_-7ec9,275,2003-11-01,2003,11,0.44999999,15.18000031,67.26000214
fil_month.fid-3d1c3ce2_171b116dd75_-7ec8,276,2003-12-01,2003,12,0.38999999,10.72000027,153.33999634
fil_month.fid-3d1c3ce2_171b116dd75_-7ec7,277,2004-01-01,2004,1,0.40000001,8.53999996,142.3999939
fil_month.fid-3d1c3ce2_171b116dd75_-7ec6,278,2004-02-01,2004,2,0.49000001,9.52000046,24.61000061
fil_month.fid-3d1c3ce2_171b116dd75_-7ec5,279,2004-03-01,2004,3,0.47999999,11.69999981,57.84000015
fil_month.fid-3d1c3ce2_171b116dd75_-7ec4,280,2004-04-01,2004,4,0.55000001,14.30000019,30.88999939
fil_month.fid-3d1c3ce2_171b116dd75_-7ec3,281,2004-05-01,2004,5,0.61000001,17.10000038,12.07999992
fil_month.fid-3d1c3ce2_171b116dd75_-7ec2,282,2004-06-01,2004,6,0.67000002,22.52000046,10.64000034
fil_month.fid-3d1c3ce2_171b116dd75_-7ec1,283,2004-07-01,2004,7,0.72000003,26.12000084,13.77999973
fil_month.fid-3d1c3ce2_171b116dd75_-7ec0,284,2004-08-01,2004,8,0.70999998,25.55999947,0.74000001
fil_month.fid-3d1c3ce2_171b116dd75_-7ebf,285,2004-09-01,2004,9,0.62,22.70000076,32.06000137
fil_month.fid-3d1c3ce2_171b116dd75_-7ebe,286,2004-10-01,2004,10,0.56999999,20.05999947,38.86000061
fil_month.fid-3d1c3ce2_171b116dd75_-7ebd,287,2004-11-01,2004,11,0.44999999,14.68000031,92.98999786
fil_month.fid-3d1c3ce2_171b116dd75_-7ebc,288,2004-12-01,2004,12,0.40000001,12.31000042,120.44999695
fil_month.fid-3d1c3ce2_171b116dd75_-7ebb,289,2005-01-01,2005,1,0.44999999,9.30000019,143.44000244
fil_month.fid-3d1c3ce2_171b116dd75_-7eba,290,2005-02-01,2005,2,0.41999999,8.02000046,154.50999451
fil_month.fid-3d1c3ce2_171b116dd75_-7eb9,291,2005-03-01,2005,3,0.57999998,11.59000015,53.91999817
fil_month.fid-3d1c3ce2_171b116dd75_-7eb8,292,2005-04-01,2005,4,0.61000001,13.46000004,19.56999969
fil_month.fid-3d1c3ce2_171b116dd75_-7eb7,293,2005-05-01,2005,5,0.60000002,18.62000084,32.81999969
fil_month.fid-3d1c3ce2_171b116dd75_-7eb6,294,2005-06-01,2005,6,0.67000002,22.06999969,9.68000031
fil_month.fid-3d1c3ce2_171b116dd75_-7eb5,295,2005-07-01,2005,7,0.70999998,25.70000076,3.80999994
fil_month.fid-3d1c3ce2_171b116dd75_-7eb4,296,2005-08-01,2005,8,0.70999998,25.42000008,6.44999981
fil_month.fid-3d1c3ce2_171b116dd75_-7eb3,297,2005-09-01,2005,9,0.61000001,22.56999969,69.40000153
fil_month.fid-3d1c3ce2_171b116dd75_-7eb2,298,2005-10-01,2005,10,0.50999999,17.90999985,45.56000137
fil_month.fid-3d1c3ce2_171b116dd75_-7eb1,299,2005-11-01,2005,11,0.41999999,14.05000019,217.63000488
fil_month.fid-3d1c3ce2_171b116dd75_-7eb0,300,2005-12-01,2005,12,0.44,10.82999992,121.37999725
fil_month.fid-3d1c3ce2_171b116dd75_-7eaf,301,2006-01-01,2006,1,0.44999999,7.23999977,95.59999847
fil_month.fid-3d1c3ce2_171b116dd75_-7eae,302,2006-02-01,2006,2,0.47999999,9.31999969,88.91000366
fil_month.fid-3d1c3ce2_171b116dd75_-7ead,303,2006-03-01,2006,3,0.51999998,11.27000046,56.66999817
fil_month.fid-3d1c3ce2_171b116dd75_-7eac,304,2006-04-01,2006,4,0.60000002,14.90999985,45.63000107
fil_month.fid-3d1c3ce2_171b116dd75_-7eab,305,2006-05-01,2006,5,0.67000002,18.89999962,10.13000011
fil_month.fid-3d1c3ce2_171b116dd75_-7eaa,306,2006-06-01,2006,6,0.69,22.70000076,9.84000015
fil_month.fid-3d1c3ce2_171b116dd75_-7ea9,307,2006-07-01,2006,7,0.69999999,25.70000076,10.73999977
fil_month.fid-3d1c3ce2_171b116dd75_-7ea8,308,2006-08-01,2006,8,0.68000001,26.54999924,8.27999973
fil_month.fid-3d1c3ce2_171b116dd75_-7ea7,309,2006-09-01,2006,9,0.62,22.97999954,52.93000031
fil_month.fid-3d1c3ce2_171b116dd75_-7ea6,310,2006-10-01,2006,10,0.56999999,18.48999977,65.87999725
fil_month.fid-3d1c3ce2_171b116dd75_-7ea5,311,2006-11-01,2006,11,0.60000002,13.17000008,55.97999954
fil_month.fid-3d1c3ce2_171b116dd75_-7ea4,312,2006-12-01,2006,12,0.50999999,10.82999992,47.13000107
fil_month.fid-3d1c3ce2_171b116dd75_-7ea3,313,2007-01-01,2007,1,0.56,10.81999969,15.73999977
fil_month.fid-3d1c3ce2_171b116dd75_-7ea2,314,2007-02-01,2007,2,0.50999999,10.02000046,78.93000031
fil_month.fid-3d1c3ce2_171b116dd75_-7ea1,315,2007-03-01,2007,3,0.56999999,12.03999996,38.81999969
fil_month.fid-3d1c3ce2_171b116dd75_-7ea0,316,2007-04-01,2007,4,0.63,15.15999985,28.60000038
fil_month.fid-3d1c3ce2_171b116dd75_-7e9f,317,2007-05-01,2007,5,0.62,19.45999908,51.61000061
fil_month.fid-3d1c3ce2_171b116dd75_-7e9e,318,2007-06-01,2007,6,0.67000002,24.37000084,20.92000008
fil_month.fid-3d1c3ce2_171b116dd75_-7e9d,319,2007-07-01,2007,7,0.72000003,27.42000008,1.49000001
fil_month.fid-3d1c3ce2_171b116dd75_-7e9c,320,2007-08-01,2007,8,0.69,26.75,0.06
fil_month.fid-3d1c3ce2_171b116dd75_-7e9b,321,2007-09-01,2007,9,0.67000002,22.37000084,9.88000011
fil_month.fid-3d1c3ce2_171b116dd75_-7e9a,322,2007-10-01,2007,10,0.52999997,19.06999969,93.94000244
fil_month.fid-3d1c3ce2_171b116dd75_-7e99,323,2007-11-01,2007,11,0.47999999,14.22999954,111.04000092
fil_month.fid-3d1c3ce2_171b116dd75_-7e98,324,2007-12-01,2007,12,0.46000001,9.93999958,105.19000244
fil_month.fid-3d1c3ce2_171b116dd75_-7e97,325,2008-01-01,2008,1,0.51999998,9.31999969,51.75999832
fil_month.fid-3d1c3ce2_171b116dd75_-7e96,326,2008-02-01,2008,2,0.56999999,9.22999954,36.40000153
fil_month.fid-3d1c3ce2_171b116dd75_-7e95,327,2008-03-01,2008,3,0.55000001,12.68999958,74.30000305
fil_month.fid-3d1c3ce2_171b116dd75_-7e94,328,2008-04-01,2008,4,0.55000001,14.78999996,51
fil_month.fid-3d1c3ce2_171b116dd75_-7e93,329,2008-05-01,2008,5,0.64999998,18.87999916,14.68000031
fil_month.fid-3d1c3ce2_171b116dd75_-7e92,330,2008-06-01,2008,6,0.68000001,23.95000076,4.26000023
fil_month.fid-3d1c3ce2_171b116dd75_-7e91,331,2008-07-01,2008,7,0.69,26.47999954,13.06000042
fil_month.fid-3d1c3ce2_171b116dd75_-7e90,332,2008-08-01,2008,8,0.69,27.69000053,2.3599999
fil_month.fid-3d1c3ce2_171b116dd75_-7e8f,333,2008-09-01,2008,9,0.58999997,22.79000092,47
fil_month.fid-3d1c3ce2_171b116dd75_-7e8e,334,2008-10-01,2008,10,0.61000001,18.29999924,26.39999962
fil_month.fid-3d1c3ce2_171b116dd75_-7e8d,335,2008-11-01,2008,11,0.5,15.67000008,175.11999512
fil_month.fid-3d1c3ce2_171b116dd75_-7e8c,336,2008-12-01,2008,12,0.47,11.01000023,118.95999908
fil_month.fid-3d1c3ce2_171b116dd75_-7e8b,337,2009-01-01,2009,1,0.43000001,10.86999989,204.63000488
fil_month.fid-3d1c3ce2_171b116dd75_-7e8a,338,2009-02-01,2009,2,0.49000001,8.82999992,92.55999756
fil_month.fid-3d1c3ce2_171b116dd75_-7e89,339,2009-03-01,2009,3,0.56999999,11.15999985,96.56999969
fil_month.fid-3d1c3ce2_171b116dd75_-7e88,340,2009-04-01,2009,4,0.55000001,14.61999989,40.97999954
fil_month.fid-3d1c3ce2_171b116dd75_-7e87,341,2009-05-01,2009,5,0.66000003,19.55999947,10.93999958
fil_month.fid-3d1c3ce2_171b116dd75_-7e86,342,2009-06-01,2009,6,0.66000003,23.14999962,14.42000008
fil_month.fid-3d1c3ce2_171b116dd75_-7e85,343,2009-07-01,2009,7,0.69,26.04999924,9
fil_month.fid-3d1c3ce2_171b116dd75_-7e84,344,2009-08-01,2009,8,0.67000002,26.79000092,4.63000011
fil_month.fid-3d1c3ce2_171b116dd75_-7e83,345,2009-09-01,2009,9,0.56999999,22.70000076,68.69000244
fil_month.fid-3d1c3ce2_171b116dd75_-7e82,346,2009-10-01,2009,10,0.56,18.63999939,139.80999756
fil_month.fid-3d1c3ce2_171b116dd75_-7e81,347,2009-11-01,2009,11,0.55000001,14.90999985,68.88999939
fil_month.fid-3d1c3ce2_171b116dd75_-7e80,348,2009-12-01,2009,12,0.44,12.63000011,138.30999756
fil_month.fid-3d1c3ce2_171b116dd75_-7e7f,349,2010-01-01,2010,1,0.40000001,9.82999992,112.48999786
fil_month.fid-3d1c3ce2_171b116dd75_-7e7e,350,2010-02-01,2010,2,0.47999999,10.89999962,81.05000305
fil_month.fid-3d1c3ce2_171b116dd75_-7e7d,351,2010-03-01,2010,3,0.55000001,12.13000011,40.90000153
fil_month.fid-3d1c3ce2_171b116dd75_-7e7c,352,2010-04-01,2010,4,0.63,15.18000031,6.09000015
fil_month.fid-3d1c3ce2_171b116dd75_-7e7b,353,2010-05-01,2010,5,0.62,18.72999954,22.06999969
fil_month.fid-3d1c3ce2_171b116dd75_-7e7a,354,2010-06-01,2010,6,0.63999999,22.62000084,23.45999908
fil_month.fid-3d1c3ce2_171b116dd75_-7e79,355,2010-07-01,2010,7,0.68000001,26,15.76000023
fil_month.fid-3d1c3ce2_171b116dd75_-7e78,356,2010-08-01,2010,8,0.69,27.47999954,3.3900001
fil_month.fid-3d1c3ce2_171b116dd75_-7e77,357,2010-09-01,2010,9,0.60000002,22.85000038,39.63999939
fil_month.fid-3d1c3ce2_171b116dd75_-7e76,358,2010-10-01,2010,10,0.49000001,18.34000015,139.47000122
fil_month.fid-3d1c3ce2_171b116dd75_-7e75,359,2010-11-01,2010,11,0.52999997,16.62999916,52.15999985
fil_month.fid-3d1c3ce2_171b116dd75_-7e74,360,2010-12-01,2010,12,0.44,11.97000027,58.49000168
fil_month.fid-3d1c3ce2_171b116dd75_-7e73,361,2011-01-01,2011,1,0.50999999,9.93999958,152.11999512
fil_month.fid-3d1c3ce2_171b116dd75_-7e72,362,2011-02-01,2011,2,0.51999998,9.94999981,91.98000336
fil_month.fid-3d1c3ce2_171b116dd75_-7e71,363,2011-03-01,2011,3,0.55000001,11,61.38000107
fil_month.fid-3d1c3ce2_171b116dd75_-7e70,364,2011-04-01,2011,4,0.56,13.98999977,55.43000031
fil_month.fid-3d1c3ce2_171b116dd75_-7e6f,365,2011-05-01,2011,5,0.60000002,17.88999939,32.52999878
fil_month.fid-3d1c3ce2_171b116dd75_-7e6e,366,2011-06-01,2011,6,0.64999998,22.84000015,20.89999962
fil_month.fid-3d1c3ce2_171b116dd75_-7e6d,367,2011-07-01,2011,7,0.69999999,26.12000084,0.03
fil_month.fid-3d1c3ce2_171b116dd75_-7e6c,368,2011-08-01,2011,8,0.68000001,26.72999954,6.13999987
fil_month.fid-3d1c3ce2_171b116dd75_-7e6b,369,2011-09-01,2011,9,0.64999998,24.92000008,31.46999931
fil_month.fid-3d1c3ce2_171b116dd75_-7e6a,370,2011-10-01,2011,10,0.57999998,17.04000092,105.63999939
fil_month.fid-3d1c3ce2_171b116dd75_-7e69,371,2011-11-01,2011,11,0.57999998,12.53999996,4.55000019
fil_month.fid-3d1c3ce2_171b116dd75_-7e68,372,2011-12-01,2011,12,0.47,11.43999958,82.58000183
fil_month.fid-3d1c3ce2_171b116dd75_-7e67,373,2012-01-01,2012,1,0.52999997,7.48000002,34.11999893
fil_month.fid-3d1c3ce2_171b116dd75_-7e66,374,2012-02-01,2012,2,0.41999999,8.43999958,165.72000122
fil_month.fid-3d1c3ce2_171b116dd75_-7e65,375,2012-03-01,2012,3,0.57999998,11.78999996,29.93000031
fil_month.fid-3d1c3ce2_171b116dd75_-7e64,376,2012-04-01,2012,4,0.56,15.14000034,35.63999939
fil_month.fid-3d1c3ce2_171b116dd75_-7e63,377,2012-05-01,2012,5,0.62,18.48999977,18.20999908
fil_month.fid-3d1c3ce2_171b116dd75_-7e62,378,2012-06-01,2012,6,0.69999999,24.85000038,0.31999999
fil_month.fid-3d1c3ce2_171b116dd75_-7e61,379,2012-07-01,2012,7,0.69999999,28.45999908,3.04999995
fil_month.fid-3d1c3ce2_171b116dd75_-7e60,380,2012-08-01,2012,8,0.68000001,28.04000092,12.94999981
fil_month.fid-3d1c3ce2_171b116dd75_-7e5f,381,2012-09-01,2012,9,0.63999999,24.12000084,65.97000122
fil_month.fid-3d1c3ce2_171b116dd75_-7e5e,382,2012-10-01,2012,10,0.56999999,20.78000069,41.04999924
fil_month.fid-3d1c3ce2_171b116dd75_-7e5d,383,2012-11-01,2012,11,0.51999998,16.03000069,76.88999939
fil_month.fid-3d1c3ce2_171b116dd75_-7e5c,384,2012-12-01,2012,12,0.44999999,10.94999981,170.16999817
fil_month.fid-3d1c3ce2_171b116dd75_-7e5b,385,2013-01-01,2013,1,0.44999999,10.05000019,137.07000732
fil_month.fid-3d1c3ce2_171b116dd75_-7e5a,386,2013-02-01,2013,2,0.43000001,10.47999954,118.59999847
fil_month.fid-3d1c3ce2_171b116dd75_-7e59,387,2013-03-01,2013,3,0.46000001,12.28999996,62.18000031
fil_month.fid-3d1c3ce2_171b116dd75_-7e58,388,2013-04-01,2013,4,0.56999999,15.84000015,10.92000008
fil_month.fid-3d1c3ce2_171b116dd75_-7e57,389,2013-05-01,2013,5,0.55000001,20.17000008,10.88000011
fil_month.fid-3d1c3ce2_171b116dd75_-7e56,390,2013-06-01,2013,6,0.64999998,22.67000008,9.23999977
fil_month.fid-3d1c3ce2_171b116dd75_-7e55,391,2013-07-01,2013,7,0.67000002,26.10000038,2.71000004
fil_month.fid-3d1c3ce2_171b116dd75_-7e54,392,2013-08-01,2013,8,0.66000003,27.46999931,0.03
fil_month.fid-3d1c3ce2_171b116dd75_-7e53,393,2013-09-01,2013,9,0.60000002,23.18000031,16.52000046
fil_month.fid-3d1c3ce2_171b116dd75_-7e52,394,2013-10-01,2013,10,0.50999999,19.29999924,61.27000046
fil_month.fid-3d1c3ce2_171b116dd75_-7e51,395,2013-11-01,2013,11,0.41,15.88000011,105.94999695
fil_month.fid-3d1c3ce2_171b116dd75_-7e50,396,2013-12-01,2013,12,0.47999999,10.43000031,37.02000046
fil_month.fid-3d1c3ce2_171b116dd75_-7e4f,397,2014-01-01,2014,1,0.40000001,11.55000019,81.65000153
fil_month.fid-3d1c3ce2_171b116dd75_-7e4e,398,2014-02-01,2014,2,0.44,11.26000023,54.86000061
fil_month.fid-3d1c3ce2_171b116dd75_-7e4d,399,2014-03-01,2014,3,0.52999997,12.31000042,86.66999817
fil_month.fid-3d1c3ce2_171b116dd75_-7e4c,400,2014-04-01,2014,4,0.47,14.34000015,38.72999954
fil_month.fid-3d1c3ce2_171b116dd75_-7e4b,401,2014-05-01,2014,5,0.56,17.85000038,9.46000004
fil_month.fid-3d1c3ce2_171b116dd75_-7e4a,402,2014-06-01,2014,6,0.58999997,22.65999985,6.96000004
fil_month.fid-3d1c3ce2_171b116dd75_-7e49,403,2014-07-01,2014,7,0.67000002,25.09000015,21.59000015
fil_month.fid-3d1c3ce2_171b116dd75_-7e48,404,2014-08-01,2014,8,0.67000002,26.29000092,12.07999992
fil_month.fid-3d1c3ce2_171b116dd75_-7e47,405,2014-09-01,2014,9,0.62,22.39999962,70.01000214
fil_month.fid-3d1c3ce2_171b116dd75_-7e46,406,2014-10-01,2014,10,0.47999999,18.53000069,119.41000366
fil_month.fid-3d1c3ce2_171b116dd75_-7e45,407,2014-11-01,2014,11,0.47,15.19999981,58.08000183
fil_month.fid-3d1c3ce2_171b116dd75_-7e44,408,2014-12-01,2014,12,0.40000001,12.22999954,188.97999573
fil_month.fid-3d1c3ce2_171b116dd75_-7e43,409,2015-01-01,2015,1,0.46000001,9.35000038,101.18000031
fil_month.fid-3d1c3ce2_171b116dd75_-7e42,410,2015-02-01,2015,2,0.47999999,8.92000008,113.98999786
fil_month.fid-3d1c3ce2_171b116dd75_-7e41,411,2015-03-01,2015,3,0.44999999,11.27000046,102.51000214
fil_month.fid-3d1c3ce2_171b116dd75_-7e40,412,2015-04-01,2015,4,0.56,14.02000046,9.34000015
fil_month.fid-3d1c3ce2_171b116dd75_-7e3f,413,2015-05-01,2015,5,0.58999997,19.12999916,16.38999939
fil_month.fid-3d1c3ce2_171b116dd75_-7e3e,414,2015-06-01,2015,6,0.55000001,22.03000069,42.61999893
fil_month.fid-3d1c3ce2_171b116dd75_-7e3d,415,2015-07-01,2015,7,0.68000001,26.87999916,9.89000034
fil_month.fid-3d1c3ce2_171b116dd75_-7e3c,416,2015-08-01,2015,8,0.62,26.57999992,32.47000122
fil_month.fid-3d1c3ce2_171b116dd75_-7e3b,417,2015-09-01,2015,9,0.57999998,24.47999954,49.45999908
fil_month.fid-3d1c3ce2_171b116dd75_-7e3a,418,2015-10-01,2015,10,0.54000002,19.18000031,68.63999939
fil_month.fid-3d1c3ce2_171b116dd75_-7e39,419,2015-11-01,2015,11,0.52999997,16.32999992,66.56999969
fil_month.fid-3d1c3ce2_171b116dd75_-7e38,420,2015-12-01,2015,12,0.52999997,11.36999989,27.95999908
fil_month.fid-3d1c3ce2_171b116dd75_-7e37,421,2016-01-01,2016,1,0.44,10.38000011,105.48999786
fil_month.fid-3d1c3ce2_171b116dd75_-7e36,422,2016-02-01,2016,2,0.46000001,12.72000027,25.65999985
fil_month.fid-3d1c3ce2_171b116dd75_-7e35,423,2016-03-01,2016,3,0.47999999,11.93999958,84
fil_month.fid-3d1c3ce2_171b116dd75_-7e34,424,2016-04-01,2016,4,0.57999998,17.05999947,5.69000006
fil_month.fid-3d1c3ce2_171b116dd75_-7e33,425,2016-05-01,2016,5,0.52999997,18.21999931,37.02999878
fil_month.fid-3d1c3ce2_171b116dd75_-7e32,426,2016-06-01,2016,6,0.61000001,24.05999947,129.22999573
fil_month.fid-3d1c3ce2_171b116dd75_-7e31,427,2016-07-01,2016,7,0.67000002,26.64999962,6.73000002
fil_month.fid-3d1c3ce2_171b116dd75_-7e30,428,2016-08-01,2016,8,0.64999998,26.55999947,19.25
fil_month.fid-3d1c3ce2_171b116dd75_-7e2f,429,2016-09-01,2016,9,0.56999999,22.69000053,125.05000305
fil_month.fid-3d1c3ce2_171b116dd75_-7e2e,430,2016-10-01,2016,10,0.5,18.86000061,121.27999878
fil_month.fid-3d1c3ce2_171b116dd75_-7e2d,431,2016-11-01,2016,11,0.44999999,14.78999996,124.66999817
fil_month.fid-3d1c3ce2_171b116dd75_-7e2c,432,2016-12-01,2016,12,0.49000001,8.82999992,20.15999985
fil_month.fid-3d1c3ce2_171b116dd75_-7e2b,433,2017-01-01,2017,1,0.38999999,7.69999981,132.58000183
fil_month.fid-3d1c3ce2_171b116dd75_-7e2a,434,2017-02-01,2017,2,0.47,10.52000046,34.34999847
fil_month.fid-3d1c3ce2_171b116dd75_-7e29,435,2017-03-01,2017,3,0.54000002,12.56999969,36.18999863
fil_month.fid-3d1c3ce2_171b116dd75_-7e28,436,2017-04-01,2017,4,0.56,14.72999954,13.06999969
fil_month.fid-3d1c3ce2_171b116dd75_-7e27,437,2017-05-01,2017,5,0.56999999,18.35000038,25.95999908
fil_month.fid-3d1c3ce2_171b116dd75_-7e26,438,2017-06-01,2017,6,0.63,23.81999969,20.37999916
fil_month.fid-3d1c3ce2_171b116dd75_-7e25,439,2017-07-01,2017,7,0.68000001,26.95999908,41.15999985
fil_month.fid-3d1c3ce2_171b116dd75_-7e24,440,2017-08-01,2017,8,0.66000003,27.56999969,3.71000004
fil_month.fid-3d1c3ce2_171b116dd75_-7e23,441,2017-09-01,2017,9,0.62,22.79000092,9.52000046
fil_month.fid-3d1c3ce2_171b116dd75_-7e22,442,2017-10-01,2017,10,0.57999998,18.46999931,25.29000092
fil_month.fid-3d1c3ce2_171b116dd75_-7e21,443,2017-11-01,2017,11,0.47999999,14.10999966,135.83000183
fil_month.fid-3d1c3ce2_171b116dd75_-7e20,444,2017-12-01,2017,12,0.38,10.68999958,106.77999878
fil_month.fid-3d1c3ce2_171b116dd75_-7e1f,445,2018-01-01,2018,1,0.57224637,10.02999973,2.3499999
fil_month.fid-3d1c3ce2_171b116dd75_-7e1e,446,2018-02-01,2018,2,0.57224637,10.53999996,5.94999981
fil_month.fid-3d1c3ce2_171b116dd75_-7e1d,447,2018-03-01,2018,3,0.57224637,12.53999996,1.22000003
fil_month.fid-3d1c3ce2_171b116dd75_-7e1c,448,2018-04-01,2018,4,0.57224637,17.14999962,0.18000001
fil_month.fid-3d1c3ce2_171b116dd75_-7e1b,449,2018-05-01,2018,5,0.57224637,20.32999992,1.28999996
fil_month.fid-3d1c3ce2_171b116dd75_-7e1a,450,2018-06-01,2018,6,0.57224637,23.07999992,3.43000007
fil_month.fid-3d1c3ce2_171b116dd75_-7e19,451,2018-07-01,2018,7,0.57224637,25.26000023,1.04999995
fil_month.fid-3d1c3ce2_171b116dd75_-7e18,452,2018-08-01,2018,8,0.57224637,26.53000069,0.51999998
fil_month.fid-3d1c3ce2_171b116dd75_-7e17,453,2018-09-01,2018,9,0.57224637,23.70999908,1.50999999
fil_month.fid-3d1c3ce2_171b116dd75_-7e16,454,2018-10-01,2018,10,0.57224637,19.29999924,0.83999997
fil_month.fid-3d1c3ce2_171b116dd75_-7e15,455,2018-11-01,2018,11,0.57224637,15.39000034,4.96000004
fil_month.fid-3d1c3ce2_171b116dd75_-7e14,456,2018-12-01,2018,12,0.57224637,10.59000015,3.80999994
